timeframe,persona,desbalance_persona_monto_neto,desbalance_persona_meses_envia_extremo,desbalance_persona_meses_recibe_extremo,interpretabilidad
todo_el_tiempo,P0015,220975.02999999997,1,0,"En la ventana 'todo_el_tiempo', la persona P0015 presenta un desbalance neto de 220,975.03, con meses extremos al enviar: 1 y al recibir: 0."
todo_el_tiempo,P0271,-189152.29,1,1,"En la ventana 'todo_el_tiempo', la persona P0271 presenta un desbalance neto de -189,152.29, con meses extremos al enviar: 1 y al recibir: 1."
todo_el_tiempo,P0110,187348.47,0,0,"En la ventana 'todo_el_tiempo', la persona P0110 presenta un desbalance neto de 187,348.47, con meses extremos al enviar: 0 y al recibir: 0."
todo_el_tiempo,P0102,156889.3,0,0,"En la ventana 'todo_el_tiempo', la persona P0102 presenta un desbalance neto de 156,889.30, con meses extremos al enviar: 0 y al recibir: 0."
todo_el_tiempo,P0267,149099.71,0,0,"En la ventana 'todo_el_tiempo', la persona P0267 presenta un desbalance neto de 149,099.71, con meses extremos al enviar: 0 y al recibir: 0."
todo_el_tiempo,P0151,-146338.75,0,1,"En la ventana 'todo_el_tiempo', la persona P0151 presenta un desbalance neto de -146,338.75, con meses extremos al enviar: 0 y al recibir: 1."
todo_el_tiempo,P0141,142906.92,0,0,"En la ventana 'todo_el_tiempo', la persona P0141 presenta un desbalance neto de 142,906.92, con meses extremos al enviar: 0 y al recibir: 0."
todo_el_tiempo,P0155,142404.83,1,0,"En la ventana 'todo_el_tiempo', la persona P0155 presenta un desbalance neto de 142,404.83, con meses extremos al enviar: 1 y al recibir: 0."
todo_el_tiempo,P0272,-141575.99,0,0,"En la ventana 'todo_el_tiempo', la persona P0272 presenta un desbalance neto de -141,575.99, con meses extremos al enviar: 0 y al recibir: 0."
todo_el_tiempo,P0147,-137808.69,0,1,"En la ventana 'todo_el_tiempo', la persona P0147 presenta un desbalance neto de -137,808.69, con meses extremos al enviar: 0 y al recibir: 1."
todo_el_tiempo,P0030,137761.59,2,0,"En la ventana 'todo_el_tiempo', la persona P0030 presenta un desbalance neto de 137,761.59, con meses extremos al enviar: 2 y al recibir: 0."
todo_el_tiempo,P0306,-136809.24,0,1,"En la ventana 'todo_el_tiempo', la persona P0306 presenta un desbalance neto de -136,809.24, con meses extremos al enviar: 0 y al recibir: 1."
todo_el_tiempo,P0299,-136051.15,0,0,"En la ventana 'todo_el_tiempo', la persona P0299 presenta un desbalance neto de -136,051.15, con meses extremos al enviar: 0 y al recibir: 0."
todo_el_tiempo,P0281,129472.72,0,0,"En la ventana 'todo_el_tiempo', la persona P0281 presenta un desbalance neto de 129,472.72, con meses extremos al enviar: 0 y al recibir: 0."
todo_el_tiempo,P0146,-127253.24999999999,0,1,"En la ventana 'todo_el_tiempo', la persona P0146 presenta un desbalance neto de -127,253.25, con meses extremos al enviar: 0 y al recibir: 1."
todo_el_tiempo,P0180,124829.54000000001,0,0,"En la ventana 'todo_el_tiempo', la persona P0180 presenta un desbalance neto de 124,829.54, con meses extremos al enviar: 0 y al recibir: 0."
todo_el_tiempo,P0084,-123272.43999999999,0,0,"En la ventana 'todo_el_tiempo', la persona P0084 presenta un desbalance neto de -123,272.44, con meses extremos al enviar: 0 y al recibir: 0."
todo_el_tiempo,P0023,-122915.39000000001,0,0,"En la ventana 'todo_el_tiempo', la persona P0023 presenta un desbalance neto de -122,915.39, con meses extremos al enviar: 0 y al recibir: 0."
todo_el_tiempo,P0035,-122757.09,0,0,"En la ventana 'todo_el_tiempo', la persona P0035 presenta un desbalance neto de -122,757.09, con meses extremos al enviar: 0 y al recibir: 0."
todo_el_tiempo,P0119,-122060.49000000002,0,0,"En la ventana 'todo_el_tiempo', la persona P0119 presenta un desbalance neto de -122,060.49, con meses extremos al enviar: 0 y al recibir: 0."
todo_el_tiempo,P0148,121750.62000000002,0,0,"En la ventana 'todo_el_tiempo', la persona P0148 presenta un desbalance neto de 121,750.62, con meses extremos al enviar: 0 y al recibir: 0."
todo_el_tiempo,P0111,117213.71999999999,1,0,"En la ventana 'todo_el_tiempo', la persona P0111 presenta un desbalance neto de 117,213.72, con meses extremos al enviar: 1 y al recibir: 0."
todo_el_tiempo,P0243,-115078.54,0,0,"En la ventana 'todo_el_tiempo', la persona P0243 presenta un desbalance neto de -115,078.54, con meses extremos al enviar: 0 y al recibir: 0."
todo_el_tiempo,P0105,115022.2,2,0,"En la ventana 'todo_el_tiempo', la persona P0105 presenta un desbalance neto de 115,022.20, con meses extremos al enviar: 2 y al recibir: 0."
todo_el_tiempo,P0153,-108118.94,0,0,"En la ventana 'todo_el_tiempo', la persona P0153 presenta un desbalance neto de -108,118.94, con meses extremos al enviar: 0 y al recibir: 0."
todo_el_tiempo,P0296,107385.61,1,0,"En la ventana 'todo_el_tiempo', la persona P0296 presenta un desbalance neto de 107,385.61, con meses extremos al enviar: 1 y al recibir: 0."
todo_el_tiempo,P0303,-106950.32,0,1,"En la ventana 'todo_el_tiempo', la persona P0303 presenta un desbalance neto de -106,950.32, con meses extremos al enviar: 0 y al recibir: 1."
todo_el_tiempo,P0029,-105105.59000000001,0,1,"En la ventana 'todo_el_tiempo', la persona P0029 presenta un desbalance neto de -105,105.59, con meses extremos al enviar: 0 y al recibir: 1."
todo_el_tiempo,P0192,-102581.34999999999,0,1,"En la ventana 'todo_el_tiempo', la persona P0192 presenta un desbalance neto de -102,581.35, con meses extremos al enviar: 0 y al recibir: 1."
todo_el_tiempo,P0081,-101052.29000000001,0,1,"En la ventana 'todo_el_tiempo', la persona P0081 presenta un desbalance neto de -101,052.29, con meses extremos al enviar: 0 y al recibir: 1."
todo_el_tiempo,P0277,-99526.88,0,0,"En la ventana 'todo_el_tiempo', la persona P0277 presenta un desbalance neto de -99,526.88, con meses extremos al enviar: 0 y al recibir: 0."
todo_el_tiempo,P0096,-99454.1,0,0,"En la ventana 'todo_el_tiempo', la persona P0096 presenta un desbalance neto de -99,454.10, con meses extremos al enviar: 0 y al recibir: 0."
todo_el_tiempo,P0245,-97986.54,0,1,"En la ventana 'todo_el_tiempo', la persona P0245 presenta un desbalance neto de -97,986.54, con meses extremos al enviar: 0 y al recibir: 1."
todo_el_tiempo,P0016,-97081.5,0,0,"En la ventana 'todo_el_tiempo', la persona P0016 presenta un desbalance neto de -97,081.50, con meses extremos al enviar: 0 y al recibir: 0."
todo_el_tiempo,P0231,-96844.46,0,1,"En la ventana 'todo_el_tiempo', la persona P0231 presenta un desbalance neto de -96,844.46, con meses extremos al enviar: 0 y al recibir: 1."
todo_el_tiempo,P0098,-96648.43,0,1,"En la ventana 'todo_el_tiempo', la persona P0098 presenta un desbalance neto de -96,648.43, con meses extremos al enviar: 0 y al recibir: 1."
todo_el_tiempo,P0227,-95478.69000000002,0,0,"En la ventana 'todo_el_tiempo', la persona P0227 presenta un desbalance neto de -95,478.69, con meses extremos al enviar: 0 y al recibir: 0."
todo_el_tiempo,P0214,-94533.32,0,0,"En la ventana 'todo_el_tiempo', la persona P0214 presenta un desbalance neto de -94,533.32, con meses extremos al enviar: 0 y al recibir: 0."
todo_el_tiempo,P0027,-93240.16,0,0,"En la ventana 'todo_el_tiempo', la persona P0027 presenta un desbalance neto de -93,240.16, con meses extremos al enviar: 0 y al recibir: 0."
todo_el_tiempo,P0239,92385.93000000002,1,0,"En la ventana 'todo_el_tiempo', la persona P0239 presenta un desbalance neto de 92,385.93, con meses extremos al enviar: 1 y al recibir: 0."
todo_el_tiempo,P0178,-91940.11,0,1,"En la ventana 'todo_el_tiempo', la persona P0178 presenta un desbalance neto de -91,940.11, con meses extremos al enviar: 0 y al recibir: 1."
todo_el_tiempo,P0282,-91907.32,0,0,"En la ventana 'todo_el_tiempo', la persona P0282 presenta un desbalance neto de -91,907.32, con meses extremos al enviar: 0 y al recibir: 0."
todo_el_tiempo,P0014,91494.66999999998,1,1,"En la ventana 'todo_el_tiempo', la persona P0014 presenta un desbalance neto de 91,494.67, con meses extremos al enviar: 1 y al recibir: 1."
todo_el_tiempo,P0047,91100.83000000002,2,0,"En la ventana 'todo_el_tiempo', la persona P0047 presenta un desbalance neto de 91,100.83, con meses extremos al enviar: 2 y al recibir: 0."
todo_el_tiempo,P0259,-89994.12999999999,0,1,"En la ventana 'todo_el_tiempo', la persona P0259 presenta un desbalance neto de -89,994.13, con meses extremos al enviar: 0 y al recibir: 1."
todo_el_tiempo,P0308,-88506.69,0,0,"En la ventana 'todo_el_tiempo', la persona P0308 presenta un desbalance neto de -88,506.69, con meses extremos al enviar: 0 y al recibir: 0."
todo_el_tiempo,P0285,87419.31,0,0,"En la ventana 'todo_el_tiempo', la persona P0285 presenta un desbalance neto de 87,419.31, con meses extremos al enviar: 0 y al recibir: 0."
todo_el_tiempo,P0171,-87238.00999999998,0,1,"En la ventana 'todo_el_tiempo', la persona P0171 presenta un desbalance neto de -87,238.01, con meses extremos al enviar: 0 y al recibir: 1."
todo_el_tiempo,P0318,87100.09,0,0,"En la ventana 'todo_el_tiempo', la persona P0318 presenta un desbalance neto de 87,100.09, con meses extremos al enviar: 0 y al recibir: 0."
todo_el_tiempo,P0249,-86490.12,0,0,"En la ventana 'todo_el_tiempo', la persona P0249 presenta un desbalance neto de -86,490.12, con meses extremos al enviar: 0 y al recibir: 0."
todo_el_tiempo,P0295,-85771.52,0,0,"En la ventana 'todo_el_tiempo', la persona P0295 presenta un desbalance neto de -85,771.52, con meses extremos al enviar: 0 y al recibir: 0."
todo_el_tiempo,P0062,-85755.17000000001,0,0,"En la ventana 'todo_el_tiempo', la persona P0062 presenta un desbalance neto de -85,755.17, con meses extremos al enviar: 0 y al recibir: 0."
todo_el_tiempo,P0126,85522.25,1,0,"En la ventana 'todo_el_tiempo', la persona P0126 presenta un desbalance neto de 85,522.25, con meses extremos al enviar: 1 y al recibir: 0."
todo_el_tiempo,P0019,-85462.56,0,1,"En la ventana 'todo_el_tiempo', la persona P0019 presenta un desbalance neto de -85,462.56, con meses extremos al enviar: 0 y al recibir: 1."
todo_el_tiempo,P0158,-84541.22,0,0,"En la ventana 'todo_el_tiempo', la persona P0158 presenta un desbalance neto de -84,541.22, con meses extremos al enviar: 0 y al recibir: 0."
todo_el_tiempo,P0320,83631.21,1,0,"En la ventana 'todo_el_tiempo', la persona P0320 presenta un desbalance neto de 83,631.21, con meses extremos al enviar: 1 y al recibir: 0."
todo_el_tiempo,P0122,83112.85999999999,1,0,"En la ventana 'todo_el_tiempo', la persona P0122 presenta un desbalance neto de 83,112.86, con meses extremos al enviar: 1 y al recibir: 0."
todo_el_tiempo,P0087,82819.59,1,0,"En la ventana 'todo_el_tiempo', la persona P0087 presenta un desbalance neto de 82,819.59, con meses extremos al enviar: 1 y al recibir: 0."
todo_el_tiempo,P0304,82552.30000000002,1,0,"En la ventana 'todo_el_tiempo', la persona P0304 presenta un desbalance neto de 82,552.30, con meses extremos al enviar: 1 y al recibir: 0."
todo_el_tiempo,P0268,82122.86,1,0,"En la ventana 'todo_el_tiempo', la persona P0268 presenta un desbalance neto de 82,122.86, con meses extremos al enviar: 1 y al recibir: 0."
todo_el_tiempo,P0043,81577.81999999999,1,0,"En la ventana 'todo_el_tiempo', la persona P0043 presenta un desbalance neto de 81,577.82, con meses extremos al enviar: 1 y al recibir: 0."
todo_el_tiempo,P0129,80895.79,0,0,"En la ventana 'todo_el_tiempo', la persona P0129 presenta un desbalance neto de 80,895.79, con meses extremos al enviar: 0 y al recibir: 0."
todo_el_tiempo,P0305,80018.77,0,0,"En la ventana 'todo_el_tiempo', la persona P0305 presenta un desbalance neto de 80,018.77, con meses extremos al enviar: 0 y al recibir: 0."
todo_el_tiempo,P0185,77920.19,1,0,"En la ventana 'todo_el_tiempo', la persona P0185 presenta un desbalance neto de 77,920.19, con meses extremos al enviar: 1 y al recibir: 0."
todo_el_tiempo,P0156,-77809.13,0,0,"En la ventana 'todo_el_tiempo', la persona P0156 presenta un desbalance neto de -77,809.13, con meses extremos al enviar: 0 y al recibir: 0."
todo_el_tiempo,P0139,77026.09,0,0,"En la ventana 'todo_el_tiempo', la persona P0139 presenta un desbalance neto de 77,026.09, con meses extremos al enviar: 0 y al recibir: 0."
todo_el_tiempo,P0312,-76894.88,0,0,"En la ventana 'todo_el_tiempo', la persona P0312 presenta un desbalance neto de -76,894.88, con meses extremos al enviar: 0 y al recibir: 0."
todo_el_tiempo,P0224,76690.93000000001,0,0,"En la ventana 'todo_el_tiempo', la persona P0224 presenta un desbalance neto de 76,690.93, con meses extremos al enviar: 0 y al recibir: 0."
todo_el_tiempo,P0258,-76063.48,0,0,"En la ventana 'todo_el_tiempo', la persona P0258 presenta un desbalance neto de -76,063.48, con meses extremos al enviar: 0 y al recibir: 0."
todo_el_tiempo,P0283,75329.98000000001,1,0,"En la ventana 'todo_el_tiempo', la persona P0283 presenta un desbalance neto de 75,329.98, con meses extremos al enviar: 1 y al recibir: 0."
todo_el_tiempo,P0004,74519.76000000001,0,0,"En la ventana 'todo_el_tiempo', la persona P0004 presenta un desbalance neto de 74,519.76, con meses extremos al enviar: 0 y al recibir: 0."
todo_el_tiempo,P0055,-72175.4,0,1,"En la ventana 'todo_el_tiempo', la persona P0055 presenta un desbalance neto de -72,175.40, con meses extremos al enviar: 0 y al recibir: 1."
todo_el_tiempo,P0115,-71309.78,0,0,"En la ventana 'todo_el_tiempo', la persona P0115 presenta un desbalance neto de -71,309.78, con meses extremos al enviar: 0 y al recibir: 0."
todo_el_tiempo,P0179,70687.41,1,0,"En la ventana 'todo_el_tiempo', la persona P0179 presenta un desbalance neto de 70,687.41, con meses extremos al enviar: 1 y al recibir: 0."
todo_el_tiempo,P0040,70659.95999999999,1,0,"En la ventana 'todo_el_tiempo', la persona P0040 presenta un desbalance neto de 70,659.96, con meses extremos al enviar: 1 y al recibir: 0."
todo_el_tiempo,P0131,70367.47000000002,0,0,"En la ventana 'todo_el_tiempo', la persona P0131 presenta un desbalance neto de 70,367.47, con meses extremos al enviar: 0 y al recibir: 0."
todo_el_tiempo,P0247,70125.63,0,0,"En la ventana 'todo_el_tiempo', la persona P0247 presenta un desbalance neto de 70,125.63, con meses extremos al enviar: 0 y al recibir: 0."
todo_el_tiempo,P0034,69925.45999999999,1,0,"En la ventana 'todo_el_tiempo', la persona P0034 presenta un desbalance neto de 69,925.46, con meses extremos al enviar: 1 y al recibir: 0."
todo_el_tiempo,P0319,-69867.47,0,1,"En la ventana 'todo_el_tiempo', la persona P0319 presenta un desbalance neto de -69,867.47, con meses extremos al enviar: 0 y al recibir: 1."
todo_el_tiempo,P0114,-68988.38999999998,0,0,"En la ventana 'todo_el_tiempo', la persona P0114 presenta un desbalance neto de -68,988.39, con meses extremos al enviar: 0 y al recibir: 0."
todo_el_tiempo,P0121,68976.79,0,0,"En la ventana 'todo_el_tiempo', la persona P0121 presenta un desbalance neto de 68,976.79, con meses extremos al enviar: 0 y al recibir: 0."
todo_el_tiempo,P0186,68920.84999999999,1,0,"En la ventana 'todo_el_tiempo', la persona P0186 presenta un desbalance neto de 68,920.85, con meses extremos al enviar: 1 y al recibir: 0."
todo_el_tiempo,P0235,-68549.37000000001,0,1,"En la ventana 'todo_el_tiempo', la persona P0235 presenta un desbalance neto de -68,549.37, con meses extremos al enviar: 0 y al recibir: 1."
todo_el_tiempo,P0220,68037.1,1,0,"En la ventana 'todo_el_tiempo', la persona P0220 presenta un desbalance neto de 68,037.10, con meses extremos al enviar: 1 y al recibir: 0."
todo_el_tiempo,P0276,67493.54,0,0,"En la ventana 'todo_el_tiempo', la persona P0276 presenta un desbalance neto de 67,493.54, con meses extremos al enviar: 0 y al recibir: 0."
todo_el_tiempo,P0167,-67227.79,0,0,"En la ventana 'todo_el_tiempo', la persona P0167 presenta un desbalance neto de -67,227.79, con meses extremos al enviar: 0 y al recibir: 0."
todo_el_tiempo,P0063,-66953.25,0,0,"En la ventana 'todo_el_tiempo', la persona P0063 presenta un desbalance neto de -66,953.25, con meses extremos al enviar: 0 y al recibir: 0."
todo_el_tiempo,P0002,66622.32,0,0,"En la ventana 'todo_el_tiempo', la persona P0002 presenta un desbalance neto de 66,622.32, con meses extremos al enviar: 0 y al recibir: 0."
todo_el_tiempo,P0145,66410.20000000001,1,0,"En la ventana 'todo_el_tiempo', la persona P0145 presenta un desbalance neto de 66,410.20, con meses extremos al enviar: 1 y al recibir: 0."
todo_el_tiempo,P0166,65074.41,1,1,"En la ventana 'todo_el_tiempo', la persona P0166 presenta un desbalance neto de 65,074.41, con meses extremos al enviar: 1 y al recibir: 1."
todo_el_tiempo,P0101,65073.54000000001,0,0,"En la ventana 'todo_el_tiempo', la persona P0101 presenta un desbalance neto de 65,073.54, con meses extremos al enviar: 0 y al recibir: 0."
todo_el_tiempo,P0221,65058.29000000001,0,0,"En la ventana 'todo_el_tiempo', la persona P0221 presenta un desbalance neto de 65,058.29, con meses extremos al enviar: 0 y al recibir: 0."
todo_el_tiempo,P0252,-64543.11000000001,0,0,"En la ventana 'todo_el_tiempo', la persona P0252 presenta un desbalance neto de -64,543.11, con meses extremos al enviar: 0 y al recibir: 0."
todo_el_tiempo,P0059,64498.91,0,0,"En la ventana 'todo_el_tiempo', la persona P0059 presenta un desbalance neto de 64,498.91, con meses extremos al enviar: 0 y al recibir: 0."
todo_el_tiempo,P0025,63855.73000000001,0,0,"En la ventana 'todo_el_tiempo', la persona P0025 presenta un desbalance neto de 63,855.73, con meses extremos al enviar: 0 y al recibir: 0."
todo_el_tiempo,P0067,63451.13,0,0,"En la ventana 'todo_el_tiempo', la persona P0067 presenta un desbalance neto de 63,451.13, con meses extremos al enviar: 0 y al recibir: 0."
todo_el_tiempo,P0198,63232.42,1,0,"En la ventana 'todo_el_tiempo', la persona P0198 presenta un desbalance neto de 63,232.42, con meses extremos al enviar: 1 y al recibir: 0."
todo_el_tiempo,P0033,-63086.4,0,0,"En la ventana 'todo_el_tiempo', la persona P0033 presenta un desbalance neto de -63,086.40, con meses extremos al enviar: 0 y al recibir: 0."
todo_el_tiempo,P0097,-62359.0,0,0,"En la ventana 'todo_el_tiempo', la persona P0097 presenta un desbalance neto de -62,359.00, con meses extremos al enviar: 0 y al recibir: 0."
todo_el_tiempo,P0050,-62072.479999999996,0,0,"En la ventana 'todo_el_tiempo', la persona P0050 presenta un desbalance neto de -62,072.48, con meses extremos al enviar: 0 y al recibir: 0."
todo_el_tiempo,P0225,-61539.26999999999,1,0,"En la ventana 'todo_el_tiempo', la persona P0225 presenta un desbalance neto de -61,539.27, con meses extremos al enviar: 1 y al recibir: 0."
todo_el_tiempo,P0292,61228.28999999999,0,0,"En la ventana 'todo_el_tiempo', la persona P0292 presenta un desbalance neto de 61,228.29, con meses extremos al enviar: 0 y al recibir: 0."
todo_el_tiempo,P0134,-61001.619999999995,0,1,"En la ventana 'todo_el_tiempo', la persona P0134 presenta un desbalance neto de -61,001.62, con meses extremos al enviar: 0 y al recibir: 1."
todo_el_tiempo,P0269,-60989.35,0,1,"En la ventana 'todo_el_tiempo', la persona P0269 presenta un desbalance neto de -60,989.35, con meses extremos al enviar: 0 y al recibir: 1."
todo_el_tiempo,P0142,-60140.009999999995,0,0,"En la ventana 'todo_el_tiempo', la persona P0142 presenta un desbalance neto de -60,140.01, con meses extremos al enviar: 0 y al recibir: 0."
todo_el_tiempo,P0313,59912.380000000005,0,0,"En la ventana 'todo_el_tiempo', la persona P0313 presenta un desbalance neto de 59,912.38, con meses extremos al enviar: 0 y al recibir: 0."
todo_el_tiempo,P0048,59651.149999999994,0,0,"En la ventana 'todo_el_tiempo', la persona P0048 presenta un desbalance neto de 59,651.15, con meses extremos al enviar: 0 y al recibir: 0."
todo_el_tiempo,P0213,-59136.07,0,0,"En la ventana 'todo_el_tiempo', la persona P0213 presenta un desbalance neto de -59,136.07, con meses extremos al enviar: 0 y al recibir: 0."
todo_el_tiempo,P0049,-58949.32000000001,0,0,"En la ventana 'todo_el_tiempo', la persona P0049 presenta un desbalance neto de -58,949.32, con meses extremos al enviar: 0 y al recibir: 0."
todo_el_tiempo,P0250,57516.44,0,0,"En la ventana 'todo_el_tiempo', la persona P0250 presenta un desbalance neto de 57,516.44, con meses extremos al enviar: 0 y al recibir: 0."
todo_el_tiempo,P0161,-57297.04999999999,0,2,"En la ventana 'todo_el_tiempo', la persona P0161 presenta un desbalance neto de -57,297.05, con meses extremos al enviar: 0 y al recibir: 2."
todo_el_tiempo,P0201,56964.89000000001,0,0,"En la ventana 'todo_el_tiempo', la persona P0201 presenta un desbalance neto de 56,964.89, con meses extremos al enviar: 0 y al recibir: 0."
todo_el_tiempo,P0204,56126.64,0,0,"En la ventana 'todo_el_tiempo', la persona P0204 presenta un desbalance neto de 56,126.64, con meses extremos al enviar: 0 y al recibir: 0."
todo_el_tiempo,P0128,55852.56,0,0,"En la ventana 'todo_el_tiempo', la persona P0128 presenta un desbalance neto de 55,852.56, con meses extremos al enviar: 0 y al recibir: 0."
todo_el_tiempo,P0189,55796.979999999996,0,0,"En la ventana 'todo_el_tiempo', la persona P0189 presenta un desbalance neto de 55,796.98, con meses extremos al enviar: 0 y al recibir: 0."
todo_el_tiempo,P0263,55456.529999999984,0,0,"En la ventana 'todo_el_tiempo', la persona P0263 presenta un desbalance neto de 55,456.53, con meses extremos al enviar: 0 y al recibir: 0."
todo_el_tiempo,P0069,55373.439999999995,1,0,"En la ventana 'todo_el_tiempo', la persona P0069 presenta un desbalance neto de 55,373.44, con meses extremos al enviar: 1 y al recibir: 0."
todo_el_tiempo,P0106,-55136.93000000001,0,0,"En la ventana 'todo_el_tiempo', la persona P0106 presenta un desbalance neto de -55,136.93, con meses extremos al enviar: 0 y al recibir: 0."
todo_el_tiempo,P0077,-54743.09,0,0,"En la ventana 'todo_el_tiempo', la persona P0077 presenta un desbalance neto de -54,743.09, con meses extremos al enviar: 0 y al recibir: 0."
todo_el_tiempo,P0095,54623.52999999999,1,0,"En la ventana 'todo_el_tiempo', la persona P0095 presenta un desbalance neto de 54,623.53, con meses extremos al enviar: 1 y al recibir: 0."
todo_el_tiempo,P0209,53404.36,0,0,"En la ventana 'todo_el_tiempo', la persona P0209 presenta un desbalance neto de 53,404.36, con meses extremos al enviar: 0 y al recibir: 0."
todo_el_tiempo,P0012,52743.659999999996,0,0,"En la ventana 'todo_el_tiempo', la persona P0012 presenta un desbalance neto de 52,743.66, con meses extremos al enviar: 0 y al recibir: 0."
todo_el_tiempo,P0091,51908.34,1,1,"En la ventana 'todo_el_tiempo', la persona P0091 presenta un desbalance neto de 51,908.34, con meses extremos al enviar: 1 y al recibir: 1."
todo_el_tiempo,P0287,-51882.12000000001,0,0,"En la ventana 'todo_el_tiempo', la persona P0287 presenta un desbalance neto de -51,882.12, con meses extremos al enviar: 0 y al recibir: 0."
todo_el_tiempo,P0127,-51416.31999999999,0,1,"En la ventana 'todo_el_tiempo', la persona P0127 presenta un desbalance neto de -51,416.32, con meses extremos al enviar: 0 y al recibir: 1."
todo_el_tiempo,P0196,50825.83,0,0,"En la ventana 'todo_el_tiempo', la persona P0196 presenta un desbalance neto de 50,825.83, con meses extremos al enviar: 0 y al recibir: 0."
todo_el_tiempo,P0233,50775.92,0,0,"En la ventana 'todo_el_tiempo', la persona P0233 presenta un desbalance neto de 50,775.92, con meses extremos al enviar: 0 y al recibir: 0."
todo_el_tiempo,P0160,-50091.47000000001,0,0,"En la ventana 'todo_el_tiempo', la persona P0160 presenta un desbalance neto de -50,091.47, con meses extremos al enviar: 0 y al recibir: 0."
todo_el_tiempo,P0089,-49999.81,0,1,"En la ventana 'todo_el_tiempo', la persona P0089 presenta un desbalance neto de -49,999.81, con meses extremos al enviar: 0 y al recibir: 1."
todo_el_tiempo,P0200,49980.07,0,0,"En la ventana 'todo_el_tiempo', la persona P0200 presenta un desbalance neto de 49,980.07, con meses extremos al enviar: 0 y al recibir: 0."
todo_el_tiempo,P0054,-49974.71000000001,0,0,"En la ventana 'todo_el_tiempo', la persona P0054 presenta un desbalance neto de -49,974.71, con meses extremos al enviar: 0 y al recibir: 0."
todo_el_tiempo,P0260,-49815.26000000001,0,0,"En la ventana 'todo_el_tiempo', la persona P0260 presenta un desbalance neto de -49,815.26, con meses extremos al enviar: 0 y al recibir: 0."
todo_el_tiempo,P0154,49412.06,0,0,"En la ventana 'todo_el_tiempo', la persona P0154 presenta un desbalance neto de 49,412.06, con meses extremos al enviar: 0 y al recibir: 0."
todo_el_tiempo,P0194,49370.979999999996,1,0,"En la ventana 'todo_el_tiempo', la persona P0194 presenta un desbalance neto de 49,370.98, con meses extremos al enviar: 1 y al recibir: 0."
todo_el_tiempo,P0058,-49242.87000000001,0,0,"En la ventana 'todo_el_tiempo', la persona P0058 presenta un desbalance neto de -49,242.87, con meses extremos al enviar: 0 y al recibir: 0."
todo_el_tiempo,P0001,-49202.12999999998,0,0,"En la ventana 'todo_el_tiempo', la persona P0001 presenta un desbalance neto de -49,202.13, con meses extremos al enviar: 0 y al recibir: 0."
todo_el_tiempo,P0274,49160.86,0,0,"En la ventana 'todo_el_tiempo', la persona P0274 presenta un desbalance neto de 49,160.86, con meses extremos al enviar: 0 y al recibir: 0."
todo_el_tiempo,P0072,48686.54,1,0,"En la ventana 'todo_el_tiempo', la persona P0072 presenta un desbalance neto de 48,686.54, con meses extremos al enviar: 1 y al recibir: 0."
todo_el_tiempo,P0174,-48474.890000000014,0,0,"En la ventana 'todo_el_tiempo', la persona P0174 presenta un desbalance neto de -48,474.89, con meses extremos al enviar: 0 y al recibir: 0."
todo_el_tiempo,P0228,47511.880000000005,0,0,"En la ventana 'todo_el_tiempo', la persona P0228 presenta un desbalance neto de 47,511.88, con meses extremos al enviar: 0 y al recibir: 0."
todo_el_tiempo,P0103,47304.77,0,0,"En la ventana 'todo_el_tiempo', la persona P0103 presenta un desbalance neto de 47,304.77, con meses extremos al enviar: 0 y al recibir: 0."
todo_el_tiempo,P0237,47265.649999999994,1,0,"En la ventana 'todo_el_tiempo', la persona P0237 presenta un desbalance neto de 47,265.65, con meses extremos al enviar: 1 y al recibir: 0."
todo_el_tiempo,P0262,-46866.32000000001,0,0,"En la ventana 'todo_el_tiempo', la persona P0262 presenta un desbalance neto de -46,866.32, con meses extremos al enviar: 0 y al recibir: 0."
todo_el_tiempo,P0219,-46309.40000000001,0,0,"En la ventana 'todo_el_tiempo', la persona P0219 presenta un desbalance neto de -46,309.40, con meses extremos al enviar: 0 y al recibir: 0."
todo_el_tiempo,P0284,-46192.72,0,0,"En la ventana 'todo_el_tiempo', la persona P0284 presenta un desbalance neto de -46,192.72, con meses extremos al enviar: 0 y al recibir: 0."
todo_el_tiempo,P0203,45943.38,0,0,"En la ventana 'todo_el_tiempo', la persona P0203 presenta un desbalance neto de 45,943.38, con meses extremos al enviar: 0 y al recibir: 0."
todo_el_tiempo,P0193,-45915.48,0,0,"En la ventana 'todo_el_tiempo', la persona P0193 presenta un desbalance neto de -45,915.48, con meses extremos al enviar: 0 y al recibir: 0."
todo_el_tiempo,P0037,-45702.36,0,0,"En la ventana 'todo_el_tiempo', la persona P0037 presenta un desbalance neto de -45,702.36, con meses extremos al enviar: 0 y al recibir: 0."
todo_el_tiempo,P0270,45071.72,0,0,"En la ventana 'todo_el_tiempo', la persona P0270 presenta un desbalance neto de 45,071.72, con meses extremos al enviar: 0 y al recibir: 0."
todo_el_tiempo,P0074,44605.39,0,0,"En la ventana 'todo_el_tiempo', la persona P0074 presenta un desbalance neto de 44,605.39, con meses extremos al enviar: 0 y al recibir: 0."
todo_el_tiempo,P0116,44532.97,1,0,"En la ventana 'todo_el_tiempo', la persona P0116 presenta un desbalance neto de 44,532.97, con meses extremos al enviar: 1 y al recibir: 0."
todo_el_tiempo,P0007,-44319.35999999999,0,1,"En la ventana 'todo_el_tiempo', la persona P0007 presenta un desbalance neto de -44,319.36, con meses extremos al enviar: 0 y al recibir: 1."
todo_el_tiempo,P0108,43897.66,0,0,"En la ventana 'todo_el_tiempo', la persona P0108 presenta un desbalance neto de 43,897.66, con meses extremos al enviar: 0 y al recibir: 0."
todo_el_tiempo,P0046,-43064.68000000001,0,0,"En la ventana 'todo_el_tiempo', la persona P0046 presenta un desbalance neto de -43,064.68, con meses extremos al enviar: 0 y al recibir: 0."
todo_el_tiempo,P0176,42627.58,0,0,"En la ventana 'todo_el_tiempo', la persona P0176 presenta un desbalance neto de 42,627.58, con meses extremos al enviar: 0 y al recibir: 0."
todo_el_tiempo,P0060,42509.479999999996,0,0,"En la ventana 'todo_el_tiempo', la persona P0060 presenta un desbalance neto de 42,509.48, con meses extremos al enviar: 0 y al recibir: 0."
todo_el_tiempo,P0216,-42430.090000000004,0,0,"En la ventana 'todo_el_tiempo', la persona P0216 presenta un desbalance neto de -42,430.09, con meses extremos al enviar: 0 y al recibir: 0."
todo_el_tiempo,P0076,-42179.11000000001,0,1,"En la ventana 'todo_el_tiempo', la persona P0076 presenta un desbalance neto de -42,179.11, con meses extremos al enviar: 0 y al recibir: 1."
todo_el_tiempo,P0090,-42026.93,0,0,"En la ventana 'todo_el_tiempo', la persona P0090 presenta un desbalance neto de -42,026.93, con meses extremos al enviar: 0 y al recibir: 0."
todo_el_tiempo,P0309,41539.299999999996,0,0,"En la ventana 'todo_el_tiempo', la persona P0309 presenta un desbalance neto de 41,539.30, con meses extremos al enviar: 0 y al recibir: 0."
todo_el_tiempo,P0024,41476.78000000001,0,0,"En la ventana 'todo_el_tiempo', la persona P0024 presenta un desbalance neto de 41,476.78, con meses extremos al enviar: 0 y al recibir: 0."
todo_el_tiempo,P0022,-41354.94,1,1,"En la ventana 'todo_el_tiempo', la persona P0022 presenta un desbalance neto de -41,354.94, con meses extremos al enviar: 1 y al recibir: 1."
todo_el_tiempo,P0130,-41286.34,0,0,"En la ventana 'todo_el_tiempo', la persona P0130 presenta un desbalance neto de -41,286.34, con meses extremos al enviar: 0 y al recibir: 0."
todo_el_tiempo,P0266,-40511.73,0,1,"En la ventana 'todo_el_tiempo', la persona P0266 presenta un desbalance neto de -40,511.73, con meses extremos al enviar: 0 y al recibir: 1."
todo_el_tiempo,P0226,40281.61,1,0,"En la ventana 'todo_el_tiempo', la persona P0226 presenta un desbalance neto de 40,281.61, con meses extremos al enviar: 1 y al recibir: 0."
todo_el_tiempo,P0182,-40169.59,0,1,"En la ventana 'todo_el_tiempo', la persona P0182 presenta un desbalance neto de -40,169.59, con meses extremos al enviar: 0 y al recibir: 1."
todo_el_tiempo,P0293,-39594.37999999999,0,1,"En la ventana 'todo_el_tiempo', la persona P0293 presenta un desbalance neto de -39,594.38, con meses extremos al enviar: 0 y al recibir: 1."
todo_el_tiempo,P0150,39546.0,0,0,"En la ventana 'todo_el_tiempo', la persona P0150 presenta un desbalance neto de 39,546.00, con meses extremos al enviar: 0 y al recibir: 0."
todo_el_tiempo,P0133,39501.530000000006,0,0,"En la ventana 'todo_el_tiempo', la persona P0133 presenta un desbalance neto de 39,501.53, con meses extremos al enviar: 0 y al recibir: 0."
todo_el_tiempo,P0064,-39213.69,0,0,"En la ventana 'todo_el_tiempo', la persona P0064 presenta un desbalance neto de -39,213.69, con meses extremos al enviar: 0 y al recibir: 0."
todo_el_tiempo,P0300,-39087.840000000004,0,0,"En la ventana 'todo_el_tiempo', la persona P0300 presenta un desbalance neto de -39,087.84, con meses extremos al enviar: 0 y al recibir: 0."
todo_el_tiempo,P0088,-38713.130000000005,0,0,"En la ventana 'todo_el_tiempo', la persona P0088 presenta un desbalance neto de -38,713.13, con meses extremos al enviar: 0 y al recibir: 0."
todo_el_tiempo,P0242,38393.06999999999,0,0,"En la ventana 'todo_el_tiempo', la persona P0242 presenta un desbalance neto de 38,393.07, con meses extremos al enviar: 0 y al recibir: 0."
todo_el_tiempo,P0223,-37987.58,0,0,"En la ventana 'todo_el_tiempo', la persona P0223 presenta un desbalance neto de -37,987.58, con meses extremos al enviar: 0 y al recibir: 0."
todo_el_tiempo,P0065,-37888.67999999999,0,1,"En la ventana 'todo_el_tiempo', la persona P0065 presenta un desbalance neto de -37,888.68, con meses extremos al enviar: 0 y al recibir: 1."
todo_el_tiempo,P0317,37817.149999999994,0,1,"En la ventana 'todo_el_tiempo', la persona P0317 presenta un desbalance neto de 37,817.15, con meses extremos al enviar: 0 y al recibir: 1."
todo_el_tiempo,P0051,36987.850000000006,0,0,"En la ventana 'todo_el_tiempo', la persona P0051 presenta un desbalance neto de 36,987.85, con meses extremos al enviar: 0 y al recibir: 0."
todo_el_tiempo,P0246,-36606.94,0,0,"En la ventana 'todo_el_tiempo', la persona P0246 presenta un desbalance neto de -36,606.94, con meses extremos al enviar: 0 y al recibir: 0."
todo_el_tiempo,P0232,-36364.07000000001,0,0,"En la ventana 'todo_el_tiempo', la persona P0232 presenta un desbalance neto de -36,364.07, con meses extremos al enviar: 0 y al recibir: 0."
todo_el_tiempo,P0261,-36233.370000000024,0,2,"En la ventana 'todo_el_tiempo', la persona P0261 presenta un desbalance neto de -36,233.37, con meses extremos al enviar: 0 y al recibir: 2."
todo_el_tiempo,P0112,36159.07999999999,0,0,"En la ventana 'todo_el_tiempo', la persona P0112 presenta un desbalance neto de 36,159.08, con meses extremos al enviar: 0 y al recibir: 0."
todo_el_tiempo,P0217,-36074.83,0,0,"En la ventana 'todo_el_tiempo', la persona P0217 presenta un desbalance neto de -36,074.83, con meses extremos al enviar: 0 y al recibir: 0."
todo_el_tiempo,P0248,36063.07999999999,1,0,"En la ventana 'todo_el_tiempo', la persona P0248 presenta un desbalance neto de 36,063.08, con meses extremos al enviar: 1 y al recibir: 0."
todo_el_tiempo,P0157,-35546.100000000006,0,0,"En la ventana 'todo_el_tiempo', la persona P0157 presenta un desbalance neto de -35,546.10, con meses extremos al enviar: 0 y al recibir: 0."
todo_el_tiempo,P0099,-34612.98,0,0,"En la ventana 'todo_el_tiempo', la persona P0099 presenta un desbalance neto de -34,612.98, con meses extremos al enviar: 0 y al recibir: 0."
todo_el_tiempo,P0045,33771.39,0,0,"En la ventana 'todo_el_tiempo', la persona P0045 presenta un desbalance neto de 33,771.39, con meses extremos al enviar: 0 y al recibir: 0."
todo_el_tiempo,P0032,33437.2,0,0,"En la ventana 'todo_el_tiempo', la persona P0032 presenta un desbalance neto de 33,437.20, con meses extremos al enviar: 0 y al recibir: 0."
todo_el_tiempo,P0070,33174.31,1,0,"En la ventana 'todo_el_tiempo', la persona P0070 presenta un desbalance neto de 33,174.31, con meses extremos al enviar: 1 y al recibir: 0."
todo_el_tiempo,P0206,33091.0,0,0,"En la ventana 'todo_el_tiempo', la persona P0206 presenta un desbalance neto de 33,091.00, con meses extremos al enviar: 0 y al recibir: 0."
todo_el_tiempo,P0085,-32245.090000000004,0,1,"En la ventana 'todo_el_tiempo', la persona P0085 presenta un desbalance neto de -32,245.09, con meses extremos al enviar: 0 y al recibir: 1."
todo_el_tiempo,P0159,-32200.399999999998,0,1,"En la ventana 'todo_el_tiempo', la persona P0159 presenta un desbalance neto de -32,200.40, con meses extremos al enviar: 0 y al recibir: 1."
todo_el_tiempo,P0165,-30747.229999999996,0,0,"En la ventana 'todo_el_tiempo', la persona P0165 presenta un desbalance neto de -30,747.23, con meses extremos al enviar: 0 y al recibir: 0."
todo_el_tiempo,P0056,-29291.539999999994,0,0,"En la ventana 'todo_el_tiempo', la persona P0056 presenta un desbalance neto de -29,291.54, con meses extremos al enviar: 0 y al recibir: 0."
todo_el_tiempo,P0251,29230.58,0,0,"En la ventana 'todo_el_tiempo', la persona P0251 presenta un desbalance neto de 29,230.58, con meses extremos al enviar: 0 y al recibir: 0."
todo_el_tiempo,P0253,-29011.469999999994,0,0,"En la ventana 'todo_el_tiempo', la persona P0253 presenta un desbalance neto de -29,011.47, con meses extremos al enviar: 0 y al recibir: 0."
todo_el_tiempo,P0044,28874.850000000002,0,0,"En la ventana 'todo_el_tiempo', la persona P0044 presenta un desbalance neto de 28,874.85, con meses extremos al enviar: 0 y al recibir: 0."
todo_el_tiempo,P0190,28661.57,0,0,"En la ventana 'todo_el_tiempo', la persona P0190 presenta un desbalance neto de 28,661.57, con meses extremos al enviar: 0 y al recibir: 0."
todo_el_tiempo,P0238,28321.750000000004,0,0,"En la ventana 'todo_el_tiempo', la persona P0238 presenta un desbalance neto de 28,321.75, con meses extremos al enviar: 0 y al recibir: 0."
todo_el_tiempo,P0286,-28043.699999999997,0,0,"En la ventana 'todo_el_tiempo', la persona P0286 presenta un desbalance neto de -28,043.70, con meses extremos al enviar: 0 y al recibir: 0."
todo_el_tiempo,P0311,27817.8,0,0,"En la ventana 'todo_el_tiempo', la persona P0311 presenta un desbalance neto de 27,817.80, con meses extremos al enviar: 0 y al recibir: 0."
todo_el_tiempo,P0020,27612.760000000006,0,0,"En la ventana 'todo_el_tiempo', la persona P0020 presenta un desbalance neto de 27,612.76, con meses extremos al enviar: 0 y al recibir: 0."
todo_el_tiempo,P0149,-26548.47,0,0,"En la ventana 'todo_el_tiempo', la persona P0149 presenta un desbalance neto de -26,548.47, con meses extremos al enviar: 0 y al recibir: 0."
todo_el_tiempo,P0118,-26539.060000000005,0,0,"En la ventana 'todo_el_tiempo', la persona P0118 presenta un desbalance neto de -26,539.06, con meses extremos al enviar: 0 y al recibir: 0."
todo_el_tiempo,P0298,-26223.480000000003,0,0,"En la ventana 'todo_el_tiempo', la persona P0298 presenta un desbalance neto de -26,223.48, con meses extremos al enviar: 0 y al recibir: 0."
todo_el_tiempo,P0005,-25955.45000000001,0,1,"En la ventana 'todo_el_tiempo', la persona P0005 presenta un desbalance neto de -25,955.45, con meses extremos al enviar: 0 y al recibir: 1."
todo_el_tiempo,P0229,-25802.26999999999,0,0,"En la ventana 'todo_el_tiempo', la persona P0229 presenta un desbalance neto de -25,802.27, con meses extremos al enviar: 0 y al recibir: 0."
todo_el_tiempo,P0008,25652.75,0,0,"En la ventana 'todo_el_tiempo', la persona P0008 presenta un desbalance neto de 25,652.75, con meses extremos al enviar: 0 y al recibir: 0."
todo_el_tiempo,P0264,-25635.03,0,0,"En la ventana 'todo_el_tiempo', la persona P0264 presenta un desbalance neto de -25,635.03, con meses extremos al enviar: 0 y al recibir: 0."
todo_el_tiempo,P0172,-24834.199999999997,0,1,"En la ventana 'todo_el_tiempo', la persona P0172 presenta un desbalance neto de -24,834.20, con meses extremos al enviar: 0 y al recibir: 1."
todo_el_tiempo,P0241,24830.96,0,0,"En la ventana 'todo_el_tiempo', la persona P0241 presenta un desbalance neto de 24,830.96, con meses extremos al enviar: 0 y al recibir: 0."
todo_el_tiempo,P0094,24417.059999999998,1,0,"En la ventana 'todo_el_tiempo', la persona P0094 presenta un desbalance neto de 24,417.06, con meses extremos al enviar: 1 y al recibir: 0."
todo_el_tiempo,P0041,23939.32,0,0,"En la ventana 'todo_el_tiempo', la persona P0041 presenta un desbalance neto de 23,939.32, con meses extremos al enviar: 0 y al recibir: 0."
todo_el_tiempo,P0031,-23400.14,0,0,"En la ventana 'todo_el_tiempo', la persona P0031 presenta un desbalance neto de -23,400.14, con meses extremos al enviar: 0 y al recibir: 0."
todo_el_tiempo,P0175,-23361.89,0,0,"En la ventana 'todo_el_tiempo', la persona P0175 presenta un desbalance neto de -23,361.89, con meses extremos al enviar: 0 y al recibir: 0."
todo_el_tiempo,P0039,-23311.109999999986,0,0,"En la ventana 'todo_el_tiempo', la persona P0039 presenta un desbalance neto de -23,311.11, con meses extremos al enviar: 0 y al recibir: 0."
todo_el_tiempo,P0244,23138.850000000006,0,0,"En la ventana 'todo_el_tiempo', la persona P0244 presenta un desbalance neto de 23,138.85, con meses extremos al enviar: 0 y al recibir: 0."
todo_el_tiempo,P0071,-23022.34,0,0,"En la ventana 'todo_el_tiempo', la persona P0071 presenta un desbalance neto de -23,022.34, con meses extremos al enviar: 0 y al recibir: 0."
todo_el_tiempo,P0075,-22617.899999999998,0,0,"En la ventana 'todo_el_tiempo', la persona P0075 presenta un desbalance neto de -22,617.90, con meses extremos al enviar: 0 y al recibir: 0."
todo_el_tiempo,P0143,22520.469999999998,0,0,"En la ventana 'todo_el_tiempo', la persona P0143 presenta un desbalance neto de 22,520.47, con meses extremos al enviar: 0 y al recibir: 0."
todo_el_tiempo,P0169,-22289.199999999997,0,0,"En la ventana 'todo_el_tiempo', la persona P0169 presenta un desbalance neto de -22,289.20, con meses extremos al enviar: 0 y al recibir: 0."
todo_el_tiempo,P0202,21840.189999999988,0,0,"En la ventana 'todo_el_tiempo', la persona P0202 presenta un desbalance neto de 21,840.19, con meses extremos al enviar: 0 y al recibir: 0."
todo_el_tiempo,P0117,21340.43,0,0,"En la ventana 'todo_el_tiempo', la persona P0117 presenta un desbalance neto de 21,340.43, con meses extremos al enviar: 0 y al recibir: 0."
todo_el_tiempo,P0066,21138.65,0,0,"En la ventana 'todo_el_tiempo', la persona P0066 presenta un desbalance neto de 21,138.65, con meses extremos al enviar: 0 y al recibir: 0."
todo_el_tiempo,P0183,-21034.25,0,0,"En la ventana 'todo_el_tiempo', la persona P0183 presenta un desbalance neto de -21,034.25, con meses extremos al enviar: 0 y al recibir: 0."
todo_el_tiempo,P0168,20607.42,0,0,"En la ventana 'todo_el_tiempo', la persona P0168 presenta un desbalance neto de 20,607.42, con meses extremos al enviar: 0 y al recibir: 0."
todo_el_tiempo,P0212,20493.329999999998,0,0,"En la ventana 'todo_el_tiempo', la persona P0212 presenta un desbalance neto de 20,493.33, con meses extremos al enviar: 0 y al recibir: 0."
todo_el_tiempo,P0195,-20222.68,0,0,"En la ventana 'todo_el_tiempo', la persona P0195 presenta un desbalance neto de -20,222.68, con meses extremos al enviar: 0 y al recibir: 0."
todo_el_tiempo,P0215,19685.21,0,0,"En la ventana 'todo_el_tiempo', la persona P0215 presenta un desbalance neto de 19,685.21, con meses extremos al enviar: 0 y al recibir: 0."
todo_el_tiempo,P0265,19431.24,0,0,"En la ventana 'todo_el_tiempo', la persona P0265 presenta un desbalance neto de 19,431.24, con meses extremos al enviar: 0 y al recibir: 0."
todo_el_tiempo,P0038,19354.08000000001,0,0,"En la ventana 'todo_el_tiempo', la persona P0038 presenta un desbalance neto de 19,354.08, con meses extremos al enviar: 0 y al recibir: 0."
todo_el_tiempo,P0164,19291.740000000005,0,0,"En la ventana 'todo_el_tiempo', la persona P0164 presenta un desbalance neto de 19,291.74, con meses extremos al enviar: 0 y al recibir: 0."
todo_el_tiempo,P0026,19078.870000000003,0,0,"En la ventana 'todo_el_tiempo', la persona P0026 presenta un desbalance neto de 19,078.87, con meses extremos al enviar: 0 y al recibir: 0."
todo_el_tiempo,P0018,19059.840000000004,0,0,"En la ventana 'todo_el_tiempo', la persona P0018 presenta un desbalance neto de 19,059.84, con meses extremos al enviar: 0 y al recibir: 0."
todo_el_tiempo,P0061,18880.980000000003,0,0,"En la ventana 'todo_el_tiempo', la persona P0061 presenta un desbalance neto de 18,880.98, con meses extremos al enviar: 0 y al recibir: 0."
todo_el_tiempo,P0290,-18859.5,0,0,"En la ventana 'todo_el_tiempo', la persona P0290 presenta un desbalance neto de -18,859.50, con meses extremos al enviar: 0 y al recibir: 0."
todo_el_tiempo,P0079,18840.67,0,0,"En la ventana 'todo_el_tiempo', la persona P0079 presenta un desbalance neto de 18,840.67, con meses extremos al enviar: 0 y al recibir: 0."
todo_el_tiempo,P0011,-18608.64,0,1,"En la ventana 'todo_el_tiempo', la persona P0011 presenta un desbalance neto de -18,608.64, con meses extremos al enviar: 0 y al recibir: 1."
todo_el_tiempo,P0132,18344.0,0,1,"En la ventana 'todo_el_tiempo', la persona P0132 presenta un desbalance neto de 18,344.00, con meses extremos al enviar: 0 y al recibir: 1."
todo_el_tiempo,P0275,-18326.100000000006,0,0,"En la ventana 'todo_el_tiempo', la persona P0275 presenta un desbalance neto de -18,326.10, con meses extremos al enviar: 0 y al recibir: 0."
todo_el_tiempo,P0230,18021.449999999997,0,0,"En la ventana 'todo_el_tiempo', la persona P0230 presenta un desbalance neto de 18,021.45, con meses extremos al enviar: 0 y al recibir: 0."
todo_el_tiempo,P0009,-17903.660000000003,0,1,"En la ventana 'todo_el_tiempo', la persona P0009 presenta un desbalance neto de -17,903.66, con meses extremos al enviar: 0 y al recibir: 1."
todo_el_tiempo,P0163,17855.08000000001,0,0,"En la ventana 'todo_el_tiempo', la persona P0163 presenta un desbalance neto de 17,855.08, con meses extremos al enviar: 0 y al recibir: 0."
todo_el_tiempo,P0307,-17693.690000000002,0,0,"En la ventana 'todo_el_tiempo', la persona P0307 presenta un desbalance neto de -17,693.69, con meses extremos al enviar: 0 y al recibir: 0."
todo_el_tiempo,P0297,-17622.79,0,0,"En la ventana 'todo_el_tiempo', la persona P0297 presenta un desbalance neto de -17,622.79, con meses extremos al enviar: 0 y al recibir: 0."
todo_el_tiempo,P0289,-17387.800000000007,0,0,"En la ventana 'todo_el_tiempo', la persona P0289 presenta un desbalance neto de -17,387.80, con meses extremos al enviar: 0 y al recibir: 0."
todo_el_tiempo,P0123,17098.079999999994,1,0,"En la ventana 'todo_el_tiempo', la persona P0123 presenta un desbalance neto de 17,098.08, con meses extremos al enviar: 1 y al recibir: 0."
todo_el_tiempo,P0125,-17032.240000000005,0,0,"En la ventana 'todo_el_tiempo', la persona P0125 presenta un desbalance neto de -17,032.24, con meses extremos al enviar: 0 y al recibir: 0."
todo_el_tiempo,P0120,16946.129999999997,0,0,"En la ventana 'todo_el_tiempo', la persona P0120 presenta un desbalance neto de 16,946.13, con meses extremos al enviar: 0 y al recibir: 0."
todo_el_tiempo,P0188,16606.55,0,0,"En la ventana 'todo_el_tiempo', la persona P0188 presenta un desbalance neto de 16,606.55, con meses extremos al enviar: 0 y al recibir: 0."
todo_el_tiempo,P0068,-16445.44,0,0,"En la ventana 'todo_el_tiempo', la persona P0068 presenta un desbalance neto de -16,445.44, con meses extremos al enviar: 0 y al recibir: 0."
todo_el_tiempo,P0273,16332.379999999997,0,0,"En la ventana 'todo_el_tiempo', la persona P0273 presenta un desbalance neto de 16,332.38, con meses extremos al enviar: 0 y al recibir: 0."
todo_el_tiempo,P0010,-16119.739999999998,0,0,"En la ventana 'todo_el_tiempo', la persona P0010 presenta un desbalance neto de -16,119.74, con meses extremos al enviar: 0 y al recibir: 0."
todo_el_tiempo,P0083,-16022.839999999997,0,0,"En la ventana 'todo_el_tiempo', la persona P0083 presenta un desbalance neto de -16,022.84, con meses extremos al enviar: 0 y al recibir: 0."
todo_el_tiempo,P0294,15980.160000000003,0,0,"En la ventana 'todo_el_tiempo', la persona P0294 presenta un desbalance neto de 15,980.16, con meses extremos al enviar: 0 y al recibir: 0."
todo_el_tiempo,P0280,15569.780000000006,0,0,"En la ventana 'todo_el_tiempo', la persona P0280 presenta un desbalance neto de 15,569.78, con meses extremos al enviar: 0 y al recibir: 0."
todo_el_tiempo,P0124,-14877.929999999997,0,0,"En la ventana 'todo_el_tiempo', la persona P0124 presenta un desbalance neto de -14,877.93, con meses extremos al enviar: 0 y al recibir: 0."
todo_el_tiempo,P0152,14867.07,0,0,"En la ventana 'todo_el_tiempo', la persona P0152 presenta un desbalance neto de 14,867.07, con meses extremos al enviar: 0 y al recibir: 0."
todo_el_tiempo,P0218,-14786.350000000006,0,0,"En la ventana 'todo_el_tiempo', la persona P0218 presenta un desbalance neto de -14,786.35, con meses extremos al enviar: 0 y al recibir: 0."
todo_el_tiempo,P0314,14698.830000000002,0,0,"En la ventana 'todo_el_tiempo', la persona P0314 presenta un desbalance neto de 14,698.83, con meses extremos al enviar: 0 y al recibir: 0."
todo_el_tiempo,P0191,14698.740000000002,0,0,"En la ventana 'todo_el_tiempo', la persona P0191 presenta un desbalance neto de 14,698.74, con meses extremos al enviar: 0 y al recibir: 0."
todo_el_tiempo,P0028,14637.279999999999,1,0,"En la ventana 'todo_el_tiempo', la persona P0028 presenta un desbalance neto de 14,637.28, con meses extremos al enviar: 1 y al recibir: 0."
todo_el_tiempo,P0017,14594.220000000001,1,0,"En la ventana 'todo_el_tiempo', la persona P0017 presenta un desbalance neto de 14,594.22, con meses extremos al enviar: 1 y al recibir: 0."
todo_el_tiempo,P0315,14222.62000000001,0,0,"En la ventana 'todo_el_tiempo', la persona P0315 presenta un desbalance neto de 14,222.62, con meses extremos al enviar: 0 y al recibir: 0."
todo_el_tiempo,P0255,13932.0,0,1,"En la ventana 'todo_el_tiempo', la persona P0255 presenta un desbalance neto de 13,932.00, con meses extremos al enviar: 0 y al recibir: 1."
todo_el_tiempo,P0279,13843.29,0,0,"En la ventana 'todo_el_tiempo', la persona P0279 presenta un desbalance neto de 13,843.29, con meses extremos al enviar: 0 y al recibir: 0."
todo_el_tiempo,P0042,-13392.720000000001,0,0,"En la ventana 'todo_el_tiempo', la persona P0042 presenta un desbalance neto de -13,392.72, con meses extremos al enviar: 0 y al recibir: 0."
todo_el_tiempo,P0104,13282.079999999994,0,0,"En la ventana 'todo_el_tiempo', la persona P0104 presenta un desbalance neto de 13,282.08, con meses extremos al enviar: 0 y al recibir: 0."
todo_el_tiempo,P0301,12605.21,0,0,"En la ventana 'todo_el_tiempo', la persona P0301 presenta un desbalance neto de 12,605.21, con meses extremos al enviar: 0 y al recibir: 0."
todo_el_tiempo,P0135,-12475.519999999997,0,0,"En la ventana 'todo_el_tiempo', la persona P0135 presenta un desbalance neto de -12,475.52, con meses extremos al enviar: 0 y al recibir: 0."
todo_el_tiempo,P0222,-12363.259999999995,1,0,"En la ventana 'todo_el_tiempo', la persona P0222 presenta un desbalance neto de -12,363.26, con meses extremos al enviar: 1 y al recibir: 0."
todo_el_tiempo,P0170,12294.21,0,1,"En la ventana 'todo_el_tiempo', la persona P0170 presenta un desbalance neto de 12,294.21, con meses extremos al enviar: 0 y al recibir: 1."
todo_el_tiempo,P0310,-12284.499999999998,0,0,"En la ventana 'todo_el_tiempo', la persona P0310 presenta un desbalance neto de -12,284.50, con meses extremos al enviar: 0 y al recibir: 0."
todo_el_tiempo,P0257,12249.23,0,0,"En la ventana 'todo_el_tiempo', la persona P0257 presenta un desbalance neto de 12,249.23, con meses extremos al enviar: 0 y al recibir: 0."
todo_el_tiempo,P0082,11749.450000000003,0,0,"En la ventana 'todo_el_tiempo', la persona P0082 presenta un desbalance neto de 11,749.45, con meses extremos al enviar: 0 y al recibir: 0."
todo_el_tiempo,P0080,11672.179999999998,0,0,"En la ventana 'todo_el_tiempo', la persona P0080 presenta un desbalance neto de 11,672.18, con meses extremos al enviar: 0 y al recibir: 0."
todo_el_tiempo,P0073,-11659.339999999997,0,0,"En la ventana 'todo_el_tiempo', la persona P0073 presenta un desbalance neto de -11,659.34, con meses extremos al enviar: 0 y al recibir: 0."
todo_el_tiempo,P0093,10984.579999999998,0,0,"En la ventana 'todo_el_tiempo', la persona P0093 presenta un desbalance neto de 10,984.58, con meses extremos al enviar: 0 y al recibir: 0."
todo_el_tiempo,P0109,-10836.14,0,0,"En la ventana 'todo_el_tiempo', la persona P0109 presenta un desbalance neto de -10,836.14, con meses extremos al enviar: 0 y al recibir: 0."
todo_el_tiempo,P0187,-10726.960000000003,0,0,"En la ventana 'todo_el_tiempo', la persona P0187 presenta un desbalance neto de -10,726.96, con meses extremos al enviar: 0 y al recibir: 0."
todo_el_tiempo,P0138,10456.95,0,0,"En la ventana 'todo_el_tiempo', la persona P0138 presenta un desbalance neto de 10,456.95, con meses extremos al enviar: 0 y al recibir: 0."
todo_el_tiempo,P0291,10061.48999999999,0,0,"En la ventana 'todo_el_tiempo', la persona P0291 presenta un desbalance neto de 10,061.49, con meses extremos al enviar: 0 y al recibir: 0."
todo_el_tiempo,P0254,10011.490000000005,0,0,"En la ventana 'todo_el_tiempo', la persona P0254 presenta un desbalance neto de 10,011.49, con meses extremos al enviar: 0 y al recibir: 0."
todo_el_tiempo,P0256,-9765.270000000002,0,0,"En la ventana 'todo_el_tiempo', la persona P0256 presenta un desbalance neto de -9,765.27, con meses extremos al enviar: 0 y al recibir: 0."
todo_el_tiempo,P0240,-9604.43,0,0,"En la ventana 'todo_el_tiempo', la persona P0240 presenta un desbalance neto de -9,604.43, con meses extremos al enviar: 0 y al recibir: 0."
todo_el_tiempo,P0234,-9494.979999999996,0,0,"En la ventana 'todo_el_tiempo', la persona P0234 presenta un desbalance neto de -9,494.98, con meses extremos al enviar: 0 y al recibir: 0."
todo_el_tiempo,P0006,9311.330000000002,1,1,"En la ventana 'todo_el_tiempo', la persona P0006 presenta un desbalance neto de 9,311.33, con meses extremos al enviar: 1 y al recibir: 1."
todo_el_tiempo,P0078,9257.319999999992,0,0,"En la ventana 'todo_el_tiempo', la persona P0078 presenta un desbalance neto de 9,257.32, con meses extremos al enviar: 0 y al recibir: 0."
todo_el_tiempo,P0021,9239.970000000001,0,0,"En la ventana 'todo_el_tiempo', la persona P0021 presenta un desbalance neto de 9,239.97, con meses extremos al enviar: 0 y al recibir: 0."
todo_el_tiempo,P0086,-9022.009999999995,0,0,"En la ventana 'todo_el_tiempo', la persona P0086 presenta un desbalance neto de -9,022.01, con meses extremos al enviar: 0 y al recibir: 0."
todo_el_tiempo,P0302,-8603.2,0,0,"En la ventana 'todo_el_tiempo', la persona P0302 presenta un desbalance neto de -8,603.20, con meses extremos al enviar: 0 y al recibir: 0."
todo_el_tiempo,P0173,8268.900000000001,0,0,"En la ventana 'todo_el_tiempo', la persona P0173 presenta un desbalance neto de 8,268.90, con meses extremos al enviar: 0 y al recibir: 0."
todo_el_tiempo,P0057,8216.48999999999,0,0,"En la ventana 'todo_el_tiempo', la persona P0057 presenta un desbalance neto de 8,216.49, con meses extremos al enviar: 0 y al recibir: 0."
todo_el_tiempo,P0013,7798.9,0,0,"En la ventana 'todo_el_tiempo', la persona P0013 presenta un desbalance neto de 7,798.90, con meses extremos al enviar: 0 y al recibir: 0."
todo_el_tiempo,P0162,6817.279999999999,0,0,"En la ventana 'todo_el_tiempo', la persona P0162 presenta un desbalance neto de 6,817.28, con meses extremos al enviar: 0 y al recibir: 0."
todo_el_tiempo,P0184,6557.040000000001,0,0,"En la ventana 'todo_el_tiempo', la persona P0184 presenta un desbalance neto de 6,557.04, con meses extremos al enviar: 0 y al recibir: 0."
todo_el_tiempo,P0236,6129.5899999999965,1,0,"En la ventana 'todo_el_tiempo', la persona P0236 presenta un desbalance neto de 6,129.59, con meses extremos al enviar: 1 y al recibir: 0."
todo_el_tiempo,P0207,6086.6999999999825,1,0,"En la ventana 'todo_el_tiempo', la persona P0207 presenta un desbalance neto de 6,086.70, con meses extremos al enviar: 1 y al recibir: 0."
todo_el_tiempo,P0144,5669.0999999999985,0,1,"En la ventana 'todo_el_tiempo', la persona P0144 presenta un desbalance neto de 5,669.10, con meses extremos al enviar: 0 y al recibir: 1."
todo_el_tiempo,P0092,-5310.939999999995,0,0,"En la ventana 'todo_el_tiempo', la persona P0092 presenta un desbalance neto de -5,310.94, con meses extremos al enviar: 0 y al recibir: 0."
todo_el_tiempo,P0140,5165.470000000001,0,0,"En la ventana 'todo_el_tiempo', la persona P0140 presenta un desbalance neto de 5,165.47, con meses extremos al enviar: 0 y al recibir: 0."
todo_el_tiempo,P0181,4938.6600000000035,0,0,"En la ventana 'todo_el_tiempo', la persona P0181 presenta un desbalance neto de 4,938.66, con meses extremos al enviar: 0 y al recibir: 0."
todo_el_tiempo,P0205,-4766.639999999999,0,0,"En la ventana 'todo_el_tiempo', la persona P0205 presenta un desbalance neto de -4,766.64, con meses extremos al enviar: 0 y al recibir: 0."
todo_el_tiempo,P0136,4642.5899999999965,0,0,"En la ventana 'todo_el_tiempo', la persona P0136 presenta un desbalance neto de 4,642.59, con meses extremos al enviar: 0 y al recibir: 0."
todo_el_tiempo,P0107,4622.299999999996,0,0,"En la ventana 'todo_el_tiempo', la persona P0107 presenta un desbalance neto de 4,622.30, con meses extremos al enviar: 0 y al recibir: 0."
todo_el_tiempo,P0278,-4311.240000000005,0,0,"En la ventana 'todo_el_tiempo', la persona P0278 presenta un desbalance neto de -4,311.24, con meses extremos al enviar: 0 y al recibir: 0."
todo_el_tiempo,P0316,4108.699999999997,0,1,"En la ventana 'todo_el_tiempo', la persona P0316 presenta un desbalance neto de 4,108.70, con meses extremos al enviar: 0 y al recibir: 1."
todo_el_tiempo,P0288,-3978.6299999999974,0,0,"En la ventana 'todo_el_tiempo', la persona P0288 presenta un desbalance neto de -3,978.63, con meses extremos al enviar: 0 y al recibir: 0."
todo_el_tiempo,P0137,-3236.4000000000015,0,0,"En la ventana 'todo_el_tiempo', la persona P0137 presenta un desbalance neto de -3,236.40, con meses extremos al enviar: 0 y al recibir: 0."
todo_el_tiempo,P0197,2876.9500000000007,0,0,"En la ventana 'todo_el_tiempo', la persona P0197 presenta un desbalance neto de 2,876.95, con meses extremos al enviar: 0 y al recibir: 0."
todo_el_tiempo,P0210,2653.5099999999948,1,0,"En la ventana 'todo_el_tiempo', la persona P0210 presenta un desbalance neto de 2,653.51, con meses extremos al enviar: 1 y al recibir: 0."
todo_el_tiempo,P0053,2491.8900000000003,0,0,"En la ventana 'todo_el_tiempo', la persona P0053 presenta un desbalance neto de 2,491.89, con meses extremos al enviar: 0 y al recibir: 0."
todo_el_tiempo,P0003,1942.3499999999913,1,0,"En la ventana 'todo_el_tiempo', la persona P0003 presenta un desbalance neto de 1,942.35, con meses extremos al enviar: 1 y al recibir: 0."
todo_el_tiempo,P0036,-1871.5800000000017,0,0,"En la ventana 'todo_el_tiempo', la persona P0036 presenta un desbalance neto de -1,871.58, con meses extremos al enviar: 0 y al recibir: 0."
todo_el_tiempo,P0113,-1824.9099999999999,0,0,"En la ventana 'todo_el_tiempo', la persona P0113 presenta un desbalance neto de -1,824.91, con meses extremos al enviar: 0 y al recibir: 0."
todo_el_tiempo,P0211,-1646.1100000000006,0,0,"En la ventana 'todo_el_tiempo', la persona P0211 presenta un desbalance neto de -1,646.11, con meses extremos al enviar: 0 y al recibir: 0."
todo_el_tiempo,P0208,948.3499999999913,0,0,"En la ventana 'todo_el_tiempo', la persona P0208 presenta un desbalance neto de 948.35, con meses extremos al enviar: 0 y al recibir: 0."
todo_el_tiempo,P0177,626.6000000000058,0,0,"En la ventana 'todo_el_tiempo', la persona P0177 presenta un desbalance neto de 626.60, con meses extremos al enviar: 0 y al recibir: 0."
todo_el_tiempo,P0052,-591.7500000000146,0,1,"En la ventana 'todo_el_tiempo', la persona P0052 presenta un desbalance neto de -591.75, con meses extremos al enviar: 0 y al recibir: 1."
todo_el_tiempo,P0100,157.91999999999825,0,0,"En la ventana 'todo_el_tiempo', la persona P0100 presenta un desbalance neto de 157.92, con meses extremos al enviar: 0 y al recibir: 0."
